{
  "answers": {
    "phase": "deployment",
    "action": "network operations",
    "scope": "messaging design",
    "action experience": 0,
    "prog lang": "js-node",
    "other prog lang": "",
    "aimodel": "chatgpt",
    "aimodel version": "4",
    "lmstudio-hosted aimodel": "",
    "tool option": "online full",
    "experience with tool": 4,
    "time allocated (h)": "3",
    "time saved estimate (h)": "1",
    "quality of ai help": 1,
    "knowledge acquired": 2,
    "generic feeling - now": 2,
    "generic feeling - future": 4,
    "threat level": 3,
    "notes": "testing log management ms - difficulty connecting rabbitMQ, mongoDB and the service in docker"
  }
}