{
    "answers": {
        "phase": "desing",
        "action": "choreography design",
        "scope":  "messaging design",
        "action experience":  1,
        "prog lang": "js-node",
        "other prog lang": "<fill in>",
        "aimodel": "chatgpt",
        "aimodel version": "4",
        "lmstudio-hosted aimodel": "<fill-in>",
        "tool option":  "online full",
        "experience with tool":  3,
        "time allocated (h)": 2,
        "time saved estimate (h)": 2, 
        "quality of ai help": 3,
        "knowledge acquired":  4,
        "generic feeling - now": 3,
        "generic feeling - future": 3,
        "threat level":  1,
        "notes": "Great explanation of how RabbitMQ queues work. Furthermore, the tool provided a great understanding about asynchronous messaging and how to design a messaging system."
    }
}